clasificacion_codigo,clasificacion_nombre,articulo_sk,articulo_clave,descripcion,existencia_total,fecha_corte
1,JOYERIA,14385,CC114580089,ARETES LAJA AMBAR,2,2025-09-03
1,JOYERIA,5154,C120370048,ANILLO ABULON PLATA,1,2025-09-03
1,JOYERIA,5841,C15310038,PULSERA LAGARTIJA HUICHOL,25,2025-09-03
1,JOYERIA,6051,C190077,ARETES CHULETA AMBAR GDE,6,2025-09-03
1,JOYERIA,13236,CC11323009,COLLAR CORAZON MILAGRO,1,2025-09-03
1,JOYERIA,5609,C14300023,COLLAR 4 HILOS CON CORAZONES,1,2025-09-03
1,JOYERIA,4943,C119200035,ARETES REGINA PLATA C/TALAVERA,3,2025-09-03
1,JOYERIA,724,C012033001,PIN ALGODON DE AZUCAR,12,2025-09-03
1,JOYERIA,4512,C115960113,DIJE CRUZ YALALAG C/CRISTAL,1,2025-09-03
1,JOYERIA,4865,C117740078,DIJE AMBAR TRENZA CUERO 49-002,1,2025-09-03
2,CHAQUIRA/HUICHOL,3724,C0185310015,TABLILLA HUICHOL 20 X 20,14,2025-09-03
2,CHAQUIRA/HUICHOL,12413,CC01815110081,PERRO PUG HUICHOL 22X20,2,2025-09-03
2,CHAQUIRA/HUICHOL,3894,C018531034,MONO MISTICO HUICHOL 18X11,1,2025-09-03
2,CHAQUIRA/HUICHOL,3866,C0185310156,PERRO SCHNAUZER HUICHOL 30X23,1,2025-09-03
2,CHAQUIRA/HUICHOL,6046,C18531168,BUHO HUICHOL CH,10,2025-09-03
2,CHAQUIRA/HUICHOL,3920,C018531086,ELEFANTE HUICHOL 21X13 JALISCO,1,2025-09-03
2,CHAQUIRA/HUICHOL,3916,C018531082,PERRO PASTOR ALEMAN HUICHOL 18X24,3,2025-09-03
2,CHAQUIRA/HUICHOL,19749,CC815110012,CUADRO CHICO 15X15 DE ESTAMBRE HUICHOL,1,2025-09-03
2,CHAQUIRA/HUICHOL,3893,C018531033,PERO XOLO CH 24X26,2,2025-09-03
2,CHAQUIRA/HUICHOL,3737,C0185310028,VENADO HUICHOL CH ECHADO,1,2025-09-03
3,PAPEL/CARTON,21592,F1419700006,AVION C/PERSONAJE CARTONERIA,1,2025-09-03
3,PAPEL/CARTON,25472,FF01414190061,AGITADOR FUT CARTONERIA,1,2025-09-03
3,PAPEL/CARTON,5523,C1419240002,LIBRETA IND.  PASTA DURA  CLASICA PAPEL BOND C IMAGENES POPULARES,3,2025-09-03
3,PAPEL/CARTON,1196,C01418040044,PAPEL PICADO MUNECA OTOMI CALAVERA,14,2025-09-03
3,PAPEL/CARTON,11844,CC0141870010,CHARRA/CHARRO CARTONERIA,4,2025-09-03
3,PAPEL/CARTON,5520,C1418700014,XOLO CARTONERIA COLORES CH,21,2025-09-03
3,PAPEL/CARTON,5586,C1420380003,TECUAN PIG/NAT CARTONERIA,2,2025-09-03
3,PAPEL/CARTON,5575,C1420110006,MASCARA CALAVERA FRIDA CARTONERIA,4,2025-09-03
3,PAPEL/CARTON,5496,C1413210080,DIABLITO FUT CARTONERIA,99,2025-09-03
3,PAPEL/CARTON,11637,CC01413210024,HUESOS BAILARIN CARTONERIA,3,2025-09-03
6,MADERA/LACAS,21672,F1514350246,ALEBRIJE CONEJO SENTADO MAD,1,2025-09-03
6,MADERA/LACAS,12259,CC0159450048,CATRINA GUAJE MED,22,2025-09-03
6,MADERA/LACAS,2553,C0153470144,BAUL C/BASE LACA RAYADA MAD 80CM,1,2025-09-03
6,MADERA/LACAS,21686,F1515710006,TRASTERO MAD PINO NAT,1,2025-09-03
6,MADERA/LACAS,26890,FF01512780106,ALEBRIJE DRAGON MINI 1,1,2025-09-03
6,MADERA/LACAS,2603,C015450121,PORTARETRATO INFANTIL IND,19,2025-09-03
6,MADERA/LACAS,21722,F1517600336,CORAZON GOTICO MAD MED,3,2025-09-03
6,MADERA/LACAS,26720,FF0151275138,CARACOL TJYM,2,2025-09-03
6,MADERA/LACAS,21683,F1514350257,ALEBRIJE CARNERO MAD,1,2025-09-03
6,MADERA/LACAS,5768,C1520240001,CAJA PINTADO A MANO 14X14X7,1,2025-09-03
7,PROMOCIONALES,7861,C410950043,TAZA DISENO VARIOS,33,2025-09-03
7,PROMOCIONALES,7822,C4048039,BLOCK EJECUTIVO,2,2025-09-03
7,PROMOCIONALES,7867,C410950049,ENCENDEDOR DISENOS VARIOS,16,2025-09-03
7,PROMOCIONALES,7869,C41570001,IMAN MAGNETO MUNECA TIPICA,128,2025-09-03
7,PROMOCIONALES,7865,C410950047,MEZCALERO PELTRE DISENOS VAR,51,2025-09-03
7,PROMOCIONALES,7862,C410950044,POCILLO PELTRE,30,2025-09-03
7,PROMOCIONALES,7866,C410950048,LIBRETA GDE,5,2025-09-03
7,PROMOCIONALES,396,AF4048023,BOTON IMAN GDE D.F.,1,2025-09-03
7,PROMOCIONALES,7785,C40480009,BOLIGRAFO BIODEGRADABLE,15,2025-09-03
7,PROMOCIONALES,7863,C410950045,TERMO CROMADO DISENOS VARIOS,13,2025-09-03
8,PIEDRA,6059,C1919200004,MOLCAJETE TALAVERA COCHINITO 12X8,3,2025-09-03
8,PIEDRA,6056,C1919200001,MOLCAJETE TALAVERA COCHINITO 2X2,17,2025-09-03
8,PIEDRA,6061,C1919200006,MOLCAJETE TALAVERA CUADRADO 9X5,1,2025-09-03
8,PIEDRA,22035,F1915710004,MOLCAJETE FLOR DE PIEDRA CH,1,2025-09-03
8,PIEDRA,6062,C1919200007,METATE TALAVERA 5X8,3,2025-09-03
8,PIEDRA,22032,F1915710001,MOLCAJETE TECOLOTE DE PIEDRA,1,2025-09-03
8,PIEDRA,22033,F1915710002,MOLCAJETE PECES DE PIEDRA,1,2025-09-03
8,PIEDRA,22037,F1915710006,MOLCAJETE FLOR DE PIEDRA GDE,1,2025-09-03
9,NICHOS,3503,C016083065,NICHO CARTONERIA VAR TEMAS 27 CM,6,2025-09-03
9,NICHOS,3570,C016494056,NICHO MINI 2 VIDRIOS PUEBLA,2,2025-09-03
9,NICHOS,25019,F92520383,NICHO ALPACA C MILAGRO 14X13,1,2025-09-03
9,NICHOS,21225,F0163510035,NICHO PLANO,3,2025-09-03
9,NICHOS,3560,C0164940078,NICHO MINIATURAS LARGO 15X6X4 PUEBLA,2,2025-09-03
9,NICHOS,5886,C162660013,NICHO CATRINES BAILADORES,1,2025-09-03
9,NICHOS,21185,F016254265,NICHO CAJA MASCARITAS MINI,5,2025-09-03
9,NICHOS,24943,F92520304,NICHO MINI,3,2025-09-03
9,NICHOS,3580,C016494066,IMAN VIRGEN/FRIDA 6X6.5,151,2025-09-03
9,NICHOS,3563,C016494026,CAJA COLGANTE  PUEBLA 14X12,18,2025-09-03
10,TEXTIL,8763,C619390008,VESTIDO TARAHUMARA TRADICIONAL,2,2025-09-03
10,TEXTIL,19476,CC617040014,REBOZO ALGODON CALIMAYA,12,2025-09-03
10,TEXTIL,10058,C6572002,INDIVIDUAL TENANGO,1,2025-09-03
10,TEXTIL,8473,C617220020,MORRAL C/BROCADO ALGODON,1,2025-09-03
10,TEXTIL,9365,C6295088,MANTEL TENANGO UN COLOR 180X190,2,2025-09-03
10,TEXTIL,18760,CC611410053,PONCHO DE REBOZO TELAR DE PEDAL,5,2025-09-03
10,TEXTIL,32408,FF618740005,HUIPIL TENIDO CEDRO,1,2025-09-03
10,TEXTIL,18895,CC612430036,COJIN TENANGO C/BOLILLO C/CENEFA 50X40,1,2025-09-03
10,TEXTIL,18871,CC612430014,KLEENERA TENANGO GDE,66,2025-09-03
10,TEXTIL,9406,C6295130,MANTEL TENANGO MULTICOLOR 2X2,2,2025-09-03
11,METALES,10967,C919890019,KLEENERA CUAD ALUMINIO 12X12X15,2,2025-09-03
11,METALES,11163,C9568088,ESPEJO MINI,77,2025-09-03
11,METALES,25009,F92520373,CAJA 16X16,1,2025-09-03
11,METALES,10929,C919840034,CRUZ VIRGEN PEWTER MINI,9,2025-09-03
11,METALES,10925,C919840030,CATRINA CUAD PEWTER  CH,1,2025-09-03
11,METALES,10871,C917070002,LATA DULCES GENIO,7,2025-09-03
11,METALES,11113,C95680009,ESTRELLA CALADA GDE,7,2025-09-03
11,METALES,11280,C96600084,AZUCARERA CACATUA CON CONCHA PLATEADO,1,2025-09-03
11,METALES,14683,CC16600044,DIJE PERICO C/SUJETADOR DE PIEL,1,2025-09-03
11,METALES,10950,C919890002,PANERA #4 RED C BISEL ALUMINIO 24X9.5,4,2025-09-03
12,FIBRAS VEGETALES,984,C012407056,TENATE C/TAPA PALMA TEJIDA CH,1,2025-09-03
12,FIBRAS VEGETALES,753,C012074074,CAMPESINA HOJA DE MAIZ MINI,21,2025-09-03
12,FIBRAS VEGETALES,956,C012407028,CARTERA MONEDERO  PALMA TEJIDA 12CMS,1,2025-09-03
12,FIBRAS VEGETALES,894,C0121697010,BOLSA CARTERA CROSSBODY,1,2025-09-03
12,FIBRAS VEGETALES,11389,CC01215210007,CRUZ MEDIANA POPOTILLO,7,2025-09-03
12,FIBRAS VEGETALES,975,C012407047,TENATE CH C/TAPA PALMA TEJIDA,2,2025-09-03
12,FIBRAS VEGETALES,1034,C012951033,CANASTA CUADRADA GDE PALMA EDO,1,2025-09-03
12,FIBRAS VEGETALES,33182,NA0121882065,VENADO GDE BEJUCO TABASCO,2,2025-09-03
12,FIBRAS VEGETALES,11510,CC01215580036,CUADRO POPOTILLO TEMAS VAR 20X15,1,2025-09-03
12,FIBRAS VEGETALES,947,C012407019,CEPILLERO PALMA TEJIDA,1,2025-09-03
13,ARTESANIA GENERAL,24729,F819390009,NACIMIENTO TARAHUMARA CESTO C TAPA,3,2025-09-03
13,ARTESANIA GENERAL,10377,C819460005,BOLSA TOTE NEGRA GDE,1,2025-09-03
13,ARTESANIA GENERAL,10391,C8292009,PANTUNFLA PIEL/BORREGO MINI 13,1,2025-09-03
13,ARTESANIA GENERAL,19751,CC815110014,CUADRO 60X60   DE ESTAMBRE HUICHOL,1,2025-09-03
13,ARTESANIA GENERAL,10395,C8292013,PANTUNFLA PIEL/BORREGO CHICA  17,1,2025-09-03
13,ARTESANIA GENERAL,24673,F810160001,CALAVERA OFICIOS CARTONERIA/MADERA,3,2025-09-03
13,ARTESANIA GENERAL,24718,F819350004,JABON CATRINA DE MAIZ VARIOS COL,2,2025-09-03
13,ARTESANIA GENERAL,21381,F0620230001,IMAN FIGURAS VARIAS,7,2025-09-03
13,ARTESANIA GENERAL,24734,F819760002,BOLSA SOBRE PIEL C/PIEDRA ME,1,2025-09-03
13,ARTESANIA GENERAL,24715,F819350001,JABON MAZORCA DE TOTOMOXTLE VARIOS COL 30 GRS,3,2025-09-03
14,CERERIA,22281,F2019720013,VELA TRADICIONAL COL VAR 15CMS,1,2025-09-03
14,CERERIA,6124,C2019720022,VELA TRADICIONAL COL VAR 9.5CMS,9,2025-09-03
14,CERERIA,21327,F02017520005,CUSTODIA ESCAMADA EN CERA,1,2025-09-03
14,CERERIA,6130,C2019720028,VELA PINA TRAD 30CMS,1,2025-09-03
14,CERERIA,21337,F0202540002,VELADORA CRANEO,3,2025-09-03
14,CERERIA,21329,F02017520007,VELA ESCAMADA 30 CM.,2,2025-09-03
14,CERERIA,6122,C2019720020,VELA TRADICIONAL COL VAR 30CMS,31,2025-09-03
14,CERERIA,6123,C2019720021,VELA TRADICIONAL COL VAR 15CMS,18,2025-09-03
14,CERERIA,6129,C2019720027,CIRIO ESCAMADO 7X28CMS,8,2025-09-03
14,CERERIA,22274,F2019720006,VELA COL VARIOS 7X15CMS,1,2025-09-03
15,VIDRIO,24532,F7372070,GALLINA NO.4 VERDE PUEBLA,3,2025-09-03
15,VIDRIO,24517,F73510003,JOYERITO VIDRIO 2 G15,4,2025-09-03
15,VIDRIO,24499,F718310045,TEQUILERO BARRIL FILO COL VARIOS,9,2025-09-03
15,VIDRIO,33478,NA77350082,ESFERA GOTA TORCIDA DORADA,1,2025-09-03
15,VIDRIO,24485,F718310031,TEQUILERO TIKI VIDRIO COL VARIOS,23,2025-09-03
15,VIDRIO,24516,F73510002,JOYERITO VIDRIO 1 G14,4,2025-09-03
15,VIDRIO,24498,F718310044,TEQUILERO CANITA FILO COL VAR,96,2025-09-03
15,VIDRIO,24502,F718310050,TEQUILERO CALAVERA VIDRIO SOPLADO,5,2025-09-03
15,VIDRIO,24518,F73510004,JOYERITO VIDRIO 3 G16,1,2025-09-03
15,VIDRIO,24519,F73510005,JOYERITO VIDRIO 4 G17,2,2025-09-03
16,ARTE PLUMARIO LISTON,19864,DEVOLUCIONES,DEVOLUCIONES,58,2025-09-03
18,LIBROS,7557,C319600016,LIBRO EL REBOZO REVISTA NO.90 P R,1,2025-09-03
18,LIBROS,7602,C319650001,LIBRO MEXICO GUADALUPANO,7,2025-09-03
18,LIBROS,7536,C316220002,MAPA DE LA CIUDAD DE MEXICO,11,2025-09-03
18,LIBROS,7592,C319600051,LIBRO LA CHINA POBLANA NUMERO 66,3,2025-09-03
18,LIBROS,7766,C3848004,LIBRO EL MOBILIARIO DE PUEBLA,8,2025-09-03
18,LIBROS,7768,C3848007,UN RECORRIDO INTIMO POR EL MAP,9,2025-09-03
18,LIBROS,7558,C319600017,LIBRO DOMINGO DE RAMOS DE URUAPAN,3,2025-09-03
18,LIBROS,7546,C319600005,LIBRO ARTE DEL TEMPLO MAYOR NO. 7,1,2025-09-03
18,LIBROS,16011,CC31740010,LIBRO SEMBRAR PAJAROS,6,2025-09-03
18,LIBROS,16009,CC31740008,LIBRO XOLO,2,2025-09-03
19,JUGUETE,21288,F01718440022,ABUELITO GDE,3,2025-09-03
19,JUGUETE,22004,F1719750047,BALERO C/SOMBRERO JOE 228,3,2025-09-03
19,JUGUETE,21964,F1719750003,SALPICADA GDE,1,2025-09-03
19,JUGUETE,8326,C6148005,SIRENA MANTA DF,6,2025-09-03
19,JUGUETE,22030,F1720320001,MUNECA DE TELA GUERRERO,7,2025-09-03
19,JUGUETE,3685,C017994003,JGO. UN VIAJE A TRAVES DE MEXI,1,2025-09-03
19,JUGUETE,18946,CC613230004,MUNECA OTOMI CON LISTONES TEJIDOS,8,2025-09-03
19,JUGUETE,21267,F01718440001,MUNECA C/BEBE,1,2025-09-03
19,JUGUETE,21268,F01718440002,MUNECO C/SOMBRERO,1,2025-09-03
19,JUGUETE,2760,C015518237,CARRUSEL GUERRERO MADERA GDE.,2,2025-09-03
20,IMPRESOS,7923,C516310010,ROMPECABEZAS CIUDAD UNIVERSITARIA,5,2025-09-03
20,IMPRESOS,7915,C516310002,ROMPECABEZAS JUGUETERO,5,2025-09-03
20,IMPRESOS,7940,C518730012,JUEGO DE MEMORIA LIBRO FRIDA KAHLO,7,2025-09-03
20,IMPRESOS,7918,C516310005,ROMPECABEZAS PAPILLA ESTELAR,6,2025-09-03
20,IMPRESOS,7961,C520140001,POSTAL TEMAS VARIOS,41,2025-09-03
20,IMPRESOS,7949,C519820005,MASCARAS ANIMALES,10,2025-09-03
20,IMPRESOS,7947,C519820003,CALCOMANIA LUCHA LIBRE,12,2025-09-03
20,IMPRESOS,7926,C516310013,ROMPECABEZAS MONUMENTO REVOLUCION,6,2025-09-03
20,IMPRESOS,7896,C513590006,POSTER AUTORETRATO C/COLIBRI 8,24,2025-09-03
20,IMPRESOS,7921,C516310008,ROMPECABEZAS BELLAS ARTES,6,2025-09-03
21,CERAMICA,6721,C216370009,CAZUELA DIBUJO PAVO TALAVERA TLAX 44DIAM,1,2025-09-03
21,CERAMICA,23261,F2415044,VENADO CHIA GD,1,2025-09-03
21,CERAMICA,22367,F21090025,OLLA GEOMETRICA PAQUIME,3,2025-09-03
21,CERAMICA,21335,F02017520013,VELA PINO VARIOS COLORES,1,2025-09-03
21,CERAMICA,22633,F216710039,VIRGEN BULTO BARRO,5,2025-09-03
21,CERAMICA,22795,F218380012,RISTRA AJITO CLASICA,4,2025-09-03
21,CERAMICA,6471,C2071743,BOTANERO PUERCO HB B8,1,2025-09-03
21,CERAMICA,29810,FF214990388,CANTARO DE CRANEOS,1,2025-09-03
21,CERAMICA,7192,C2216162,SET PLATO Y TAZA EXPRESSO AZUL L2SEXPA01,9,2025-09-03
21,CERAMICA,7485,C27290017,PINA CONCHITA BARRO VID 70CMS,1,2025-09-03
